"disorder1","disorder2","overlap","odds_ratio","log10_p","p_value","FDR"
"SZ","BD",587,5.22258991463057,156.621303919736,2.39164149740935e-157,2.39164149740935e-157
