"","BD","SZ"
"BD",1,0.137309941520468
"SZ",0.137309941520468,1
